City_ID,City,Country,Date,Lat,Lng,Max Temp,Humidity,Cloudiness,Wind Speed
0,Kruisfontein,ZA,2020-10-30 22:50:16,-34.0,24.73,48.99,91,0,1.01
1,Butaritari,KI,2020-10-30 22:50:16,3.07,172.79,82.56,77,70,21.45
2,Kapaa,US,2020-10-30 22:50:17,22.08,-159.32,84.0,69,75,9.17
3,Chernyshevskiy,RU,2020-10-30 22:50:17,63.01,112.47,-4.34,91,84,5.21
4,Kununurra,AU,2020-10-30 22:50:17,-15.77,128.73,84.2,74,58,1.12
5,Mataura,NZ,2020-10-30 22:47:07,-46.19,168.86,54.0,98,100,10.0
6,Hobart,AU,2020-10-30 22:47:01,-42.88,147.33,62.01,76,20,5.82
7,Sabang,ID,2020-10-30 22:50:17,5.89,95.32,82.0,77,60,15.01
8,Salalah,OM,2020-10-30 22:50:17,17.02,54.09,75.2,69,0,6.93
9,Buritizeiro,BR,2020-10-30 22:50:10,-17.35,-44.96,75.16,85,100,4.52
10,Rikitea,PF,2020-10-30 22:50:17,-23.12,-134.97,76.21,65,0,6.06
11,Khatanga,RU,2020-10-30 22:50:17,71.97,102.5,-9.62,84,0,6.64
12,Chuy,UY,2020-10-30 22:50:17,-33.7,-53.46,53.46,86,76,6.89
13,Mayo,US,2020-10-30 22:50:17,38.89,-76.51,51.8,76,1,11.41
14,Margate,GB,2020-10-30 22:50:17,51.38,1.39,57.99,89,81,4.0
15,Upernavik,GL,2020-10-30 22:50:17,72.79,-56.15,20.77,95,94,2.39
16,Bluff,NZ,2020-10-30 22:50:17,-46.6,168.33,54.0,98,100,11.99
17,Port Alfred,ZA,2020-10-30 22:50:18,-33.59,26.89,59.88,63,83,3.71
18,Lorengau,PG,2020-10-30 22:50:18,-2.02,147.27,85.03,66,94,2.37
19,Saiha,IN,2020-10-30 22:46:11,22.48,92.97,67.33,91,71,2.71
20,Camopi,GF,2020-10-30 22:50:18,3.17,-52.32,81.86,64,44,6.96
21,Hilo,US,2020-10-30 22:49:39,19.73,-155.09,84.2,70,75,10.29
22,Hithadhoo,MV,2020-10-30 22:50:18,-0.6,73.08,82.98,76,88,10.87
23,Batagay,RU,2020-10-30 22:50:18,67.63,134.63,-4.14,91,98,2.37
24,Jumla,NP,2020-10-30 22:50:18,29.27,82.18,43.41,54,5,6.06
25,Busselton,AU,2020-10-30 22:50:18,-33.65,115.33,64.99,67,18,2.39
26,Alugan,PH,2020-10-30 22:50:18,12.22,125.48,82.09,81,100,13.35
27,Port Elizabeth,ZA,2020-10-30 22:50:18,-33.92,25.57,50.0,81,0,3.36
28,Shizunai,JP,2020-10-30 22:50:18,42.33,142.37,47.52,68,0,12.01
29,Hasaki,JP,2020-10-30 22:50:18,35.73,140.83,48.2,70,20,5.82
30,Koulamoutou,GA,2020-10-30 22:50:19,-1.13,12.47,71.58,95,82,1.3
31,Mar Del Plata,AR,2020-10-30 22:48:25,-38.0,-57.56,57.2,76,0,8.05
32,Tuktoyaktuk,CA,2020-10-30 22:50:19,69.45,-133.04,8.6,84,75,9.17
33,Punta Arenas,CL,2020-10-30 22:50:19,-53.15,-70.92,53.6,58,75,34.45
34,Barrow,US,2020-10-30 22:50:19,71.29,-156.79,14.0,85,90,12.75
35,Bethel,US,2020-10-30 22:50:19,41.37,-73.41,35.6,80,90,6.93
36,Ilulissat,GL,2020-10-30 22:50:19,69.22,-51.1,17.6,72,100,3.36
37,Cockburn Town,TC,2020-10-30 22:50:19,21.46,-71.14,86.0,70,40,9.17
38,Fairbanks,US,2020-10-30 22:50:12,64.84,-147.72,12.99,85,90,1.9
39,Marsala,IT,2020-10-30 22:50:19,37.8,12.44,62.6,88,20,1.12
40,The Valley,AI,2020-10-30 22:50:19,18.22,-63.06,84.2,74,40,21.59
41,Port Hedland,AU,2020-10-30 22:50:20,-20.32,118.57,73.4,60,2,9.17
42,Metro,ID,2020-10-30 22:50:20,-5.11,105.31,76.1,88,90,3.38
43,Hermanus,ZA,2020-10-30 22:50:20,-34.42,19.23,45.0,91,0,11.72
44,Longyearbyen,SJ,2020-10-30 22:50:20,78.22,15.64,17.6,72,0,3.36
45,New Norfolk,AU,2020-10-30 22:50:20,-42.78,147.06,61.0,59,0,1.99
46,Saint-Philippe,RE,2020-10-30 22:50:20,-21.36,55.77,68.0,68,20,20.8
47,Castro,BR,2020-10-30 22:50:20,-24.79,-50.01,53.91,93,100,11.1
48,Delijan,IR,2020-10-30 22:50:20,33.99,50.68,54.64,39,0,3.02
49,Cherskiy,RU,2020-10-30 22:50:20,68.75,161.3,5.5,91,100,5.41
50,Lagoa,PT,2020-10-30 22:50:20,39.05,-27.98,67.6,91,100,10.22
51,Torbat-E Jam,IR,2020-10-30 22:50:20,35.24,60.62,37.87,69,0,3.58
52,Port Lincoln,AU,2020-10-30 22:50:20,-34.73,135.87,58.15,77,50,10.16
53,Lompoc,US,2020-10-30 22:49:40,34.64,-120.46,69.01,72,1,13.87
54,Olavarria,AR,2020-10-30 22:49:49,-36.89,-60.32,52.74,58,2,4.29
55,Vaini,TO,2020-10-30 22:50:20,-21.2,-175.2,77.0,69,40,11.41
56,Ushuaia,AR,2020-10-30 22:50:21,-54.8,-68.3,50.0,71,75,23.04
57,Albany,US,2020-10-30 22:50:21,42.6,-73.97,33.01,88,79,3.29
58,Porangatu,BR,2020-10-30 22:50:21,-13.44,-49.15,81.0,62,99,0.2
59,Kaitangata,NZ,2020-10-30 22:50:21,-46.28,169.85,63.0,86,100,8.01
60,Uarini,BR,2020-10-30 22:50:21,-2.99,-65.11,84.2,79,20,3.36
61,Bambous Virieux,MU,2020-10-30 22:50:21,-20.34,57.76,68.0,56,40,16.11
62,Tura,IN,2020-10-30 22:46:13,25.52,90.22,71.65,85,86,3.91
63,Luxor,EG,2020-10-30 22:50:21,25.7,32.64,75.2,47,0,3.33
64,Saskylakh,RU,2020-10-30 22:50:21,71.92,114.08,-2.27,83,0,5.53
65,Megion,RU,2020-10-30 22:50:21,61.03,76.11,33.8,100,90,8.95
66,Atuona,PF,2020-10-30 22:50:21,-9.8,-139.03,77.9,72,82,11.12
67,Passa Quatro,BR,2020-10-30 22:50:21,-22.39,-44.97,64.0,88,100,6.87
68,Panguna,PG,2020-10-30 22:50:21,-6.32,155.48,79.23,75,87,2.53
69,Sitka,US,2020-10-30 22:50:21,57.05,-135.33,42.8,81,90,4.7
70,Atambua,ID,2020-10-30 22:49:09,-9.11,124.89,79.43,69,5,4.23
71,Lengshuijiang,CN,2020-10-30 22:50:22,27.69,111.43,58.35,88,79,0.58
72,Haines Junction,CA,2020-10-30 22:50:22,60.75,-137.51,21.2,67,100,8.05
73,Sabzevar,IR,2020-10-30 22:50:22,36.21,57.68,46.74,48,0,2.37
74,Funadhoo,MV,2020-10-30 22:50:22,6.15,73.27,81.91,75,18,9.17
75,Dublin,US,2020-10-30 22:50:22,37.7,-121.94,80.01,16,1,6.93
76,San Matias,BO,2020-10-30 22:50:22,-16.37,-58.4,77.83,54,87,5.91
77,Lahad Datu,MY,2020-10-30 22:50:22,5.03,118.33,77.49,84,74,2.59
78,Georgetown,MY,2020-10-30 22:50:22,5.41,100.34,80.6,88,20,2.24
79,Luganville,VU,2020-10-30 22:50:22,-15.53,167.17,82.4,78,75,8.05
80,Thompson,CA,2020-10-30 22:47:07,55.74,-97.86,19.4,67,90,3.36
81,Siuna,NI,2020-10-30 22:50:22,13.73,-84.78,76.57,92,57,2.55
82,Chokurdakh,RU,2020-10-30 22:47:07,70.63,147.92,9.03,96,100,7.36
83,Conceicao Da Barra,BR,2020-10-30 22:50:22,-18.59,-39.73,76.55,80,91,10.33
84,Rudnogorsk,RU,2020-10-30 22:50:23,57.26,103.75,20.3,97,100,5.1
85,Asfi,MA,2020-10-30 22:48:52,32.3,-9.24,69.35,62,13,10.16
86,Bosaso,SO,2020-10-30 22:50:23,11.28,49.18,80.06,72,78,2.35
87,Cape Town,ZA,2020-10-30 22:49:56,-33.93,18.42,57.99,58,0,21.92
88,Waipawa,NZ,2020-10-30 22:50:23,-41.41,175.52,61.0,93,100,26.4
89,Kodiak,US,2020-10-30 22:50:23,57.79,-152.41,32.0,76,90,6.93
90,Plaster Rock,CA,2020-10-30 22:50:23,46.91,-67.39,30.2,58,1,9.17
91,Hami,CN,2020-10-30 22:50:23,42.8,93.45,33.06,76,0,4.79
92,Atherton,GB,2020-10-30 22:50:23,53.52,-2.49,48.99,89,100,3.0
93,Guanica,PR,2020-10-30 22:50:23,17.97,-66.91,77.0,90,90,5.99
94,Saint George,US,2020-10-30 22:48:38,37.1,-113.58,78.01,16,1,2.98
95,Bredasdorp,ZA,2020-10-30 22:50:24,-34.53,20.04,46.4,81,6,1.12
96,Bluefields,NI,2020-10-30 22:50:24,12.01,-83.76,78.8,88,75,4.7
97,Manado,ID,2020-10-30 22:50:24,1.49,124.85,77.0,88,20,2.08
98,Fort Nelson,CA,2020-10-30 22:50:24,58.81,-122.7,23.0,79,90,9.17
99,Kedrovyy,RU,2020-10-30 22:50:24,56.17,91.82,26.6,92,75,6.71
100,Siguiri,GN,2020-10-30 22:50:24,11.67,-9.5,74.43,35,0,0.89
101,Yellowknife,CA,2020-10-30 22:45:30,62.46,-114.35,18.0,85,75,6.93
102,Blackburn,GB,2020-10-30 22:50:24,53.75,-2.48,43.0,89,99,7.49
103,Svetlogorsk,BY,2020-10-30 22:50:24,52.63,29.73,44.96,89,100,5.99
104,Christchurch,NZ,2020-10-30 22:50:24,-43.53,172.63,77.0,47,87,11.41
105,Estelle,US,2020-10-30 22:50:25,29.85,-90.11,64.0,63,1,6.93
106,Solhan,TR,2020-10-30 22:50:25,38.96,41.03,50.68,43,90,3.33
107,Hondo,JP,2020-10-30 22:50:25,32.45,130.2,55.4,54,0,17.22
108,Bijie,CN,2020-10-30 22:50:25,27.31,105.29,52.7,92,100,5.91
109,Mandalgovi,MN,2020-10-30 22:50:25,45.76,106.27,23.86,80,2,11.01
110,Grindavik,IS,2020-10-30 22:50:25,63.84,-22.43,39.2,100,90,6.93
111,Yurga,RU,2020-10-30 22:50:25,55.72,84.89,34.38,98,100,8.52
112,Marzuq,YE,2020-10-30 22:50:25,14.4,46.47,65.52,50,0,2.15
113,Schneeberg,DE,2020-10-30 22:50:25,50.6,12.63,48.99,10,99,21.99
114,Ponta Delgada,PT,2020-10-30 22:49:12,37.73,-25.67,69.8,88,75,14.99
115,Nacogdoches,US,2020-10-30 22:48:49,31.6,-94.63,66.2,37,1,4.7
116,Havelock,US,2020-10-30 22:45:28,34.88,-76.9,61.0,67,30,5.01
117,Phonhong,LA,2020-10-30 22:50:25,18.5,102.42,70.54,89,60,2.19
118,East London,ZA,2020-10-30 22:50:26,-33.02,27.91,62.01,68,100,2.53
119,Arraial Do Cabo,BR,2020-10-30 22:50:26,-22.97,-42.03,71.38,89,100,34.07
120,Victoria,HK,2020-10-30 22:46:23,22.29,114.16,73.0,84,91,15.37
121,Saldanha,ZA,2020-10-30 22:50:26,-33.01,17.94,55.4,66,0,11.41
122,Korla,CN,2020-10-30 22:50:26,41.76,86.15,39.0,66,0,5.01
123,Provideniya,RU,2020-10-30 22:50:26,64.38,-173.3,24.78,89,98,7.63
124,Sayyan,YE,2020-10-30 22:50:26,15.17,44.32,50.18,46,0,4.45
125,Avarua,CK,2020-10-30 22:48:17,-21.21,-159.78,77.0,73,99,10.29
126,Nikolskoye,RU,2020-10-30 22:50:26,59.7,30.79,46.4,93,90,6.71
127,Puerto Ayora,EC,2020-10-30 22:50:26,-0.74,-90.35,71.01,90,71,4.0
128,Papetoai,PF,2020-10-30 22:50:26,-17.5,-149.87,84.2,66,75,13.87
129,Rockland,US,2020-10-30 22:46:00,41.17,-74.05,39.0,93,83,3.02
130,Dehloran,IR,2020-10-30 22:50:26,32.69,47.27,64.54,35,0,1.34
131,Dikson,RU,2020-10-30 22:50:26,73.51,80.55,13.71,96,100,27.89
132,Herat,AF,2020-10-30 22:50:27,34.5,62.0,34.07,77,0,1.21
133,Raudeberg,NO,2020-10-30 22:50:27,61.99,5.14,50.0,76,40,12.75
134,Mahanje,TZ,2020-10-30 22:50:27,-9.93,35.33,63.09,89,14,5.1
135,Wilkie,CA,2020-10-30 22:50:27,52.42,-108.7,35.6,93,90,13.87
136,Pisco,PE,2020-10-30 22:50:27,-13.7,-76.22,68.0,77,75,6.93
137,Jacmel,HT,2020-10-30 22:50:27,18.23,-72.53,84.2,70,40,12.75
138,Capinota,BO,2020-10-30 22:50:27,-17.72,-66.23,69.8,40,20,13.87
139,Northam,GB,2020-10-30 22:50:27,51.03,-4.22,57.99,97,100,14.0
140,Yar-Sale,RU,2020-10-30 22:50:27,66.83,70.83,33.91,96,100,14.12
141,Angoche,MZ,2020-10-30 22:50:27,-16.23,39.91,75.43,79,10,4.56
142,Price,US,2020-10-30 22:49:03,39.6,-110.81,59.0,24,1,8.05
143,Narsaq,GL,2020-10-30 22:50:27,60.92,-46.05,24.8,73,40,3.36
144,Gravdal,NO,2020-10-30 22:50:27,68.12,13.5,37.4,51,0,6.93
145,Ayni,TJ,2020-10-30 22:50:27,39.39,68.54,44.92,45,0,2.66
146,Jamestown,US,2020-10-30 22:45:33,42.1,-79.24,36.0,93,90,6.26
147,Constitucion,CL,2020-10-30 22:50:28,-35.33,-72.42,60.04,69,0,9.24
148,Ancud,CL,2020-10-30 22:50:28,-41.87,-73.82,60.8,55,0,6.93
149,Black River,JM,2020-10-30 22:50:28,18.03,-77.85,84.2,79,20,12.75
150,Te Anau,NZ,2020-10-30 22:50:06,-45.42,167.72,53.51,92,100,3.76
151,Mahebourg,MU,2020-10-30 22:50:28,-20.41,57.7,68.0,56,40,16.11
152,Biak,ID,2020-10-30 22:50:28,-0.91,122.88,77.41,82,97,8.55
153,Vila Franca Do Campo,PT,2020-10-30 22:50:28,37.72,-25.43,69.8,88,75,14.99
154,Torbay,CA,2020-10-30 22:50:28,47.67,-52.73,36.0,59,75,17.22
155,Mitu,CO,2020-10-30 22:50:28,1.2,-70.17,77.0,94,97,1.79
156,Cacador,BR,2020-10-30 22:50:28,-26.78,-51.02,59.41,78,82,6.22
157,Coquimbo,CL,2020-10-30 22:48:35,-29.95,-71.34,57.2,76,20,11.41
158,Port Hardy,CA,2020-10-30 22:50:29,50.7,-127.42,50.0,71,75,5.82
159,Falakata,IN,2020-10-30 22:50:29,26.52,89.21,68.07,59,51,5.35
160,Melito Di Porto Salvo,IT,2020-10-30 22:50:29,37.92,15.77,64.4,77,0,8.05
161,Buenos Aires,AR,2020-10-30 22:47:49,-34.61,-58.38,61.0,59,0,11.41
162,Berlevag,NO,2020-10-30 22:50:29,70.86,29.09,28.4,86,75,10.29
163,Port Blair,IN,2020-10-30 22:49:35,11.67,92.75,80.35,84,92,11.27
164,Cabo San Lucas,MX,2020-10-30 22:50:03,22.89,-109.91,82.0,54,40,5.82
165,Nouadhibou,MR,2020-10-30 22:50:29,20.93,-17.03,66.2,88,1,16.11
166,San Francisco,US,2020-10-30 22:46:16,37.77,-122.42,69.8,59,20,14.99
167,Qaanaaq,GL,2020-10-30 22:50:29,77.48,-69.36,11.75,85,91,5.14
168,Flinders,AU,2020-10-30 22:45:38,-34.58,150.86,64.0,95,100,4.0
169,Tiksi,RU,2020-10-30 22:50:29,71.69,128.87,8.49,95,100,4.9
170,Kidal,ML,2020-10-30 22:50:29,18.44,1.41,78.37,17,0,11.48
171,Ugoofaaru,MV,2020-10-30 22:50:29,5.67,73.0,82.2,75,62,8.34
172,Carnarvon,AU,2020-10-30 22:50:29,-24.87,113.63,71.6,78,90,4.7
173,Ambatondrazaka,MG,2020-10-30 22:50:30,-17.83,48.42,57.65,80,60,5.73
174,Manzhouli,CN,2020-10-30 22:50:30,49.6,117.43,29.44,98,100,15.86
175,Turukhansk,RU,2020-10-30 22:50:30,65.82,87.98,5.25,91,100,9.93
176,Cayenne,GF,2020-10-30 22:50:30,4.93,-52.33,82.4,88,20,5.82
177,Alofi,NU,2020-10-30 22:50:30,-19.06,-169.92,78.8,78,90,19.46
178,Kahului,US,2020-10-30 22:47:24,20.89,-156.47,87.8,55,40,21.92
179,San Patricio,US,2020-10-30 22:50:30,28.02,-97.52,71.6,37,20,12.75
180,Severo-Kurilsk,RU,2020-10-30 22:50:30,50.68,156.12,41.68,91,100,33.49
181,La Ronge,CA,2020-10-30 22:50:30,55.1,-105.28,23.0,85,100,16.11
182,Abha,SA,2020-10-30 22:50:30,18.22,42.51,59.0,41,0,1.23
183,Lebu,CL,2020-10-30 22:48:06,-37.62,-73.65,53.91,82,0,12.53
184,Progreso,MX,2020-10-30 22:50:30,21.28,-89.67,78.01,83,90,4.7
185,Norman Wells,CA,2020-10-30 22:50:30,65.28,-126.83,14.0,92,90,4.7
186,Surgut,RU,2020-10-30 22:50:31,61.25,73.42,33.8,100,90,11.18
187,Lazarev,RU,2020-10-30 22:50:31,52.23,141.51,39.29,73,97,11.39
188,Yabelo,ET,2020-10-30 22:50:31,4.88,38.08,59.54,94,100,4.21
189,Zhongshu,CN,2020-10-30 22:50:31,24.52,103.77,58.15,92,95,2.91
190,Kutum,SD,2020-10-30 22:50:31,14.2,24.67,75.24,25,66,11.88
191,Evensk,RU,2020-10-30 22:50:31,61.95,159.23,23.79,91,36,3.36
192,Fortuna,US,2020-10-30 22:50:31,40.6,-124.16,62.01,62,1,10.29
193,Paraiso,CR,2020-10-30 22:50:31,9.84,-83.87,73.4,88,75,5.82
194,Kattivakkam,IN,2020-10-30 22:50:31,13.22,80.32,77.0,94,40,5.79
195,Placido De Castro,BR,2020-10-30 22:50:31,-10.34,-67.19,73.69,86,100,2.84
196,Phulabani,IN,2020-10-30 22:50:31,20.47,84.23,64.72,61,55,2.95
197,Esperance,AU,2020-10-30 22:50:31,-33.87,121.9,57.2,62,0,19.46
198,Andenes,NO,2020-10-30 22:50:31,69.31,16.12,33.8,64,0,16.11
199,Viedma,AR,2020-10-30 22:50:31,-40.81,-63.0,73.0,22,0,3.0
200,Zabaykalsk,RU,2020-10-30 22:50:32,49.63,117.32,29.12,97,100,16.4
201,Caravelas,BR,2020-10-30 22:48:38,-17.71,-39.25,76.57,81,98,8.72
202,Touros,BR,2020-10-30 22:50:32,-5.2,-35.46,78.8,83,40,6.93
203,Nhulunbuy,AU,2020-10-30 22:50:32,-12.23,136.77,82.4,69,0,5.82
204,Nuzvid,IN,2020-10-30 22:50:32,16.78,80.85,71.65,76,44,3.42
205,Palmer,US,2020-10-30 22:50:32,42.16,-72.33,32.0,100,40,4.7
206,North Bend,US,2020-10-30 22:48:39,43.41,-124.22,64.0,93,90,8.05
207,Mujiayingzi,CN,2020-10-30 22:50:32,42.12,118.78,42.01,66,82,9.04
208,Ribeira Grande,PT,2020-10-30 22:50:32,38.52,-28.7,69.12,91,100,14.23
209,Takoradi,GH,2020-10-30 22:50:33,4.88,-1.76,78.71,83,57,4.92
210,Vallenar,CL,2020-10-30 22:50:33,-28.57,-70.76,65.93,45,0,3.11
211,Quatre Cocos,MU,2020-10-30 22:50:33,-20.21,57.76,68.0,56,40,16.11
212,Umm Lajj,SA,2020-10-30 22:50:33,25.02,37.27,78.21,43,0,5.55
213,Cidreira,BR,2020-10-30 22:50:33,-30.18,-50.21,64.51,66,85,11.1
214,Aklavik,CA,2020-10-30 22:50:33,68.22,-135.01,5.0,84,75,8.05
215,Belmonte,BR,2020-10-30 22:50:33,-15.86,-38.88,77.0,83,0,6.93
216,Bilibino,RU,2020-10-30 22:50:33,68.05,166.44,5.31,89,100,1.36
217,Klaksvik,FO,2020-10-30 22:50:33,62.23,-6.59,48.2,81,22,19.46
218,Two Hills,CA,2020-10-30 22:50:33,53.72,-111.75,32.0,100,100,9.17
219,Boden,SE,2020-10-30 22:50:33,65.83,21.69,23.0,92,0,3.36
220,Dunedin,NZ,2020-10-30 22:50:17,-45.87,170.5,64.18,61,100,5.48
221,Clyde River,CA,2020-10-30 22:50:33,70.47,-68.59,14.0,92,75,13.87
222,Kulmbach,DE,2020-10-30 22:50:33,50.1,11.45,54.0,92,46,1.99
223,Vao,NC,2020-10-30 22:50:33,-22.67,167.48,73.71,86,28,14.29
224,Khandyga,RU,2020-10-30 22:50:33,62.67,135.6,-6.09,88,53,2.89
225,Kavieng,PG,2020-10-30 22:50:34,-2.57,150.8,83.03,75,97,7.78
226,Waddan,LY,2020-10-30 22:50:34,29.16,16.14,59.07,74,80,4.72
227,Airai,TL,2020-10-30 22:50:34,-8.93,125.41,66.74,76,5,2.77
228,Bonavista,CA,2020-10-30 22:50:34,48.65,-53.11,34.0,74,98,4.7
229,Agadir,MA,2020-10-30 22:47:25,30.42,-9.6,71.6,35,0,3.31
230,Lavrentiya,RU,2020-10-30 22:50:34,65.58,-171.0,22.78,86,80,8.61
231,Taoudenni,ML,2020-10-30 22:50:34,22.68,-3.98,77.16,18,99,10.22
232,Tasiilaq,GL,2020-10-30 22:50:34,65.61,-37.64,35.6,80,100,21.92
233,Bage,BR,2020-10-30 22:45:55,-31.33,-54.11,62.6,67,40,12.75
234,Mayumba,GA,2020-10-30 22:50:34,-3.43,10.66,76.37,88,100,4.36
235,Naze,JP,2020-10-30 22:50:34,28.37,129.48,73.4,60,40,20.8
236,Bonthe,SL,2020-10-30 22:50:34,7.53,-12.51,78.71,87,47,6.69
237,Alice Springs,AU,2020-10-30 22:49:35,-23.7,133.88,64.4,27,1,8.05
238,Socorro,US,2020-10-30 22:50:34,31.65,-106.3,71.01,22,40,6.93
239,Sikasso,ML,2020-10-30 22:50:34,10.92,-7.0,77.02,38,0,2.26
240,Juneau,US,2020-10-30 22:50:35,58.3,-134.42,41.0,80,75,14.99
241,Buraydah,SA,2020-10-30 22:50:35,26.33,43.98,64.4,26,0,8.59
242,Makinsk,KZ,2020-10-30 22:50:35,52.63,70.42,29.21,92,0,5.73
243,Paramonga,PE,2020-10-30 22:50:35,-10.67,-77.83,63.45,83,100,6.4
244,Maryville,US,2020-10-30 22:50:35,35.76,-83.97,51.8,57,20,10.29
245,Coihaique,CL,2020-10-30 22:50:35,-45.58,-72.07,71.6,35,0,3.36
246,Beringovskiy,RU,2020-10-30 22:50:35,63.05,179.32,24.51,85,38,11.83
247,Santa Isabel Do Rio Negro,BR,2020-10-30 22:50:35,-0.41,-65.02,78.03,93,100,3.98
248,Tempio Pausania,IT,2020-10-30 22:50:35,40.9,9.1,55.4,100,0,6.93
249,Santiago Del Estero,AR,2020-10-30 22:50:02,-27.8,-64.26,68.74,25,0,6.42
250,Gibara,CU,2020-10-30 22:50:35,21.11,-76.13,87.8,62,40,10.29
251,Shimoda,JP,2020-10-30 22:50:36,34.67,138.95,55.99,56,0,13.56
252,Vostok,RU,2020-10-30 22:50:36,46.49,135.88,27.1,98,64,4.81
253,Guerrero Negro,MX,2020-10-30 22:50:36,27.98,-114.06,78.8,27,22,11.7
254,Zhangjiakou,CN,2020-10-30 22:50:36,40.81,114.88,42.57,59,38,8.59
255,Pacific Grove,US,2020-10-30 22:50:36,36.62,-121.92,69.01,67,1,6.93
256,Matagami,CA,2020-10-30 22:50:36,49.75,-77.63,19.4,79,20,3.36
257,Salinopolis,BR,2020-10-30 22:50:36,-0.61,-47.36,79.95,79,41,11.68
258,Alyangula,AU,2020-10-30 22:50:36,-13.85,136.42,77.0,83,33,3.36
259,Meulaboh,ID,2020-10-30 22:50:36,4.14,96.13,76.24,85,100,4.41
260,Leningradskiy,RU,2020-10-30 22:50:36,69.38,178.42,19.0,94,59,19.86
261,Chifeng,CN,2020-10-30 22:50:36,42.27,118.96,44.35,60,88,9.8
262,Kazuno,JP,2020-10-30 22:50:36,40.18,140.79,41.0,86,20,6.93
263,Toamasina,MG,2020-10-30 22:50:36,-18.17,49.38,73.4,73,40,11.41
264,Santa Rosa,PH,2020-10-30 22:50:36,14.31,121.11,82.0,78,40,2.24
265,Grand Gaube,MU,2020-10-30 22:50:36,-20.01,57.66,64.99,63,0,5.01
266,Verkh-Usugli,RU,2020-10-30 22:50:36,52.7,115.17,23.45,91,100,4.83
267,Husavik,IS,2020-10-30 22:50:37,66.04,-17.34,33.8,78,0,4.7
268,Tocopilla,CL,2020-10-30 22:50:37,-22.09,-70.2,62.98,58,23,7.58
269,Anchorage,US,2020-10-30 22:49:01,61.22,-149.9,23.0,73,20,6.93
270,Myanaung,MM,2020-10-30 22:50:37,18.28,95.32,72.55,96,67,5.03
271,Sao Filipe,CV,2020-10-30 22:50:37,14.9,-24.5,81.64,59,86,15.61
272,Hare Bay,CA,2020-10-30 22:50:37,48.85,-54.01,30.2,74,63,4.7
273,Asprovalta,GR,2020-10-30 22:50:37,40.72,23.7,57.99,49,91,8.01
274,Samarai,PG,2020-10-30 22:50:37,-10.62,150.67,81.61,78,89,7.78
275,Vorniceni,RO,2020-10-30 22:50:37,47.98,26.67,42.01,88,51,4.0
276,Biratnagar,NP,2020-10-30 22:50:37,26.48,87.28,69.96,55,14,5.66
277,Porto Velho,BR,2020-10-30 22:49:50,-8.76,-63.9,80.6,88,40,1.12
278,Pevek,RU,2020-10-30 22:50:37,69.7,170.31,20.86,95,93,4.27
279,Kalmunai,LK,2020-10-30 22:50:37,7.42,81.82,78.08,83,94,8.28
280,Cortes,ES,2020-10-30 22:50:37,41.94,-1.44,53.6,87,0,2.73
281,Aitape,PG,2020-10-30 22:50:37,-3.14,142.35,79.34,80,100,4.45
282,Alamogordo,US,2020-10-30 22:47:36,32.9,-105.96,66.99,32,1,3.94
283,Valparaiso,CL,2020-10-30 22:48:18,-33.04,-71.63,57.99,82,40,4.7
284,Mnogovershinnyy,RU,2020-10-30 22:50:38,53.94,139.92,29.59,96,94,2.08
285,Souillac,MU,2020-10-30 22:50:38,-20.52,57.52,68.0,56,40,16.11
286,Faanui,PF,2020-10-30 22:50:38,-16.48,-151.75,78.87,84,1,15.43
287,San Rafael,AR,2020-10-30 22:50:38,-34.62,-68.33,69.1,24,5,6.51
288,Padang,ID,2020-10-30 22:50:38,-0.95,100.35,77.9,77,91,3.83
289,Mutum,BR,2020-10-30 22:50:38,-19.8,-41.44,74.21,89,100,3.83
290,Sorland,NO,2020-10-30 22:50:38,67.67,12.69,37.4,51,0,6.93
291,Tautira,PF,2020-10-30 22:50:38,-17.73,-149.15,84.2,66,75,13.87
292,Jieshou,CN,2020-10-30 22:50:38,33.26,115.36,59.47,76,100,5.77
293,Vieste,IT,2020-10-30 22:50:38,41.88,16.18,53.6,93,40,5.82
294,High Level,CA,2020-10-30 22:50:38,58.52,-117.14,26.6,92,90,4.7
295,Tsuruga,JP,2020-10-30 22:50:38,35.65,136.06,54.0,69,0,1.01
296,Nan,TH,2020-10-30 22:50:38,18.83,100.67,67.35,97,60,1.39
297,Lata,PT,2020-10-30 22:50:38,40.16,-8.33,61.0,93,0,2.24
298,Donskoye,RU,2020-10-30 22:50:38,45.46,41.97,55.4,76,0,4.47
299,Iqaluit,CA,2020-10-30 22:50:38,63.75,-68.51,8.6,71,75,2.3
300,Qasigiannguit,GL,2020-10-30 22:50:39,68.82,-51.19,17.6,72,99,3.36
301,Staunton,US,2020-10-30 22:50:39,38.15,-79.07,48.99,66,40,11.41
302,Miri,MY,2020-10-30 22:50:39,4.41,114.01,77.0,94,20,2.24
303,Carhuamayo,PE,2020-10-30 22:50:39,-10.92,-76.03,36.28,96,100,9.06
304,Juxtlahuaca,MX,2020-10-30 22:50:39,17.43,-99.15,77.65,64,36,0.74
305,Soto La Marina,MX,2020-10-30 22:50:39,23.77,-98.22,71.91,43,0,6.71
306,Parabel,RU,2020-10-30 22:50:39,58.7,81.48,27.61,99,100,1.63
307,Bay City,US,2020-10-30 22:50:39,43.59,-83.89,36.0,59,90,11.41
308,Rongcheng,CN,2020-10-30 22:50:39,30.63,117.85,57.88,76,93,1.86
309,Ouesso,CG,2020-10-30 22:50:39,1.61,16.05,69.82,96,45,0.67
310,Ostrovnoy,RU,2020-10-30 22:50:39,68.05,39.51,34.54,89,96,17.22
311,Aksu,CN,2020-10-30 22:50:39,41.12,80.26,39.87,64,19,4.0
312,Loknya,RU,2020-10-30 22:50:39,56.83,30.15,45.99,96,98,2.64
313,Harare,ZW,2020-10-30 22:49:50,-17.83,31.05,69.01,52,1,8.01
314,Doaba,PK,2020-10-30 22:50:39,33.42,70.74,55.27,35,0,3.49
315,Cherdyn,RU,2020-10-30 22:50:39,60.4,56.48,32.59,96,98,7.07
316,Sambava,MG,2020-10-30 22:50:39,-14.27,50.17,70.77,81,33,13.2
317,Vila Velha,BR,2020-10-30 22:50:40,-20.33,-40.29,77.0,88,75,13.87
318,Horadiz,AZ,2020-10-30 22:50:40,39.45,47.34,53.6,87,0,6.93
319,Barguzin,RU,2020-10-30 22:50:40,53.62,109.62,25.36,93,54,4.07
320,Kamina,CD,2020-10-30 22:50:40,-8.74,24.99,63.75,96,23,4.97
321,Rawson,AR,2020-10-30 22:50:40,-43.3,-65.1,66.24,27,0,14.29
322,Hokitika,NZ,2020-10-30 22:50:40,-42.72,170.97,58.32,96,100,11.95
323,Ahipara,NZ,2020-10-30 22:50:40,-35.17,173.17,68.4,74,24,12.24
324,Tombouctou,ML,2020-10-30 22:50:40,20.0,-3.0,83.32,15,74,9.95
325,Ballybofey,IE,2020-10-30 22:50:40,54.8,-7.78,44.51,74,100,9.71
326,Bafoulabe,ML,2020-10-30 22:50:40,13.81,-10.83,79.52,23,0,2.68
327,Oystese,NO,2020-10-30 22:50:40,60.39,6.19,46.99,90,99,1.01
328,Puerto Madero,MX,2020-10-30 22:50:40,14.72,-92.42,86.0,74,40,10.29
329,Anito,PH,2020-10-30 22:50:40,12.45,125.29,81.37,83,100,11.1
330,Chara,RU,2020-10-30 22:50:40,56.91,118.26,7.86,79,6,1.19
331,Nanortalik,GL,2020-10-30 22:50:40,60.14,-45.24,28.67,92,99,6.6
332,Diplo,PK,2020-10-30 22:50:40,24.47,69.58,76.87,38,15,9.64
333,Portobelo,PA,2020-10-30 22:50:40,9.55,-79.65,81.0,85,37,3.0
334,Darnah,LY,2020-10-30 22:50:41,32.77,22.64,69.75,65,26,12.62
335,Sioux Lookout,CA,2020-10-30 22:50:41,50.1,-91.92,28.4,79,90,8.05
336,Laguna,US,2020-10-30 22:50:41,38.42,-121.42,80.01,19,1,1.97
337,Raga,SS,2020-10-30 22:50:41,8.46,25.68,74.17,75,100,5.7
338,Ponta Do Sol,PT,2020-10-30 22:50:41,32.67,-17.1,68.0,77,20,14.99
339,Barkhan,PK,2020-10-30 22:50:41,29.9,69.53,53.76,39,0,1.86
340,Prievidza,SK,2020-10-30 22:50:09,48.77,18.63,54.0,100,100,4.83
341,Ushtobe,KZ,2020-10-30 22:50:41,45.25,77.98,37.49,73,0,8.23
342,Coari,BR,2020-10-30 22:50:41,-4.08,-63.14,81.03,79,71,1.81
343,Zhigalovo,RU,2020-10-30 22:50:41,54.81,105.16,22.8,94,100,2.62
344,Moron,AR,2020-10-30 22:50:41,-34.65,-58.62,61.0,98,94,4.0
345,Dali,CN,2020-10-30 22:50:41,25.7,100.18,57.56,87,98,2.39
346,Tabory,RU,2020-10-30 22:50:42,58.52,64.55,29.97,97,65,7.65
347,Westport,US,2020-10-30 22:50:42,41.14,-73.36,39.2,80,90,8.05
348,Diffa,NE,2020-10-30 22:50:42,13.32,12.61,79.84,26,0,8.46
349,Jiuquan,CN,2020-10-30 22:50:42,39.74,98.52,32.18,84,42,3.2
350,Novyy Urengoy,RU,2020-10-30 22:50:42,66.08,76.63,28.67,99,97,11.65
351,Basco,PH,2020-10-30 22:50:42,20.45,121.97,77.14,75,92,32.28
352,Rio Gallegos,AR,2020-10-30 22:50:42,-51.62,-69.22,62.6,39,75,16.11
353,Hellvik,NO,2020-10-30 22:50:42,59.92,5.78,48.99,89,87,1.99
354,Hofn,IS,2020-10-30 22:50:42,64.25,-15.21,45.52,80,71,26.35
355,Buchanan,LR,2020-10-30 22:50:42,5.88,-10.05,77.0,94,75,7.29
356,Belsand,IN,2020-10-30 22:50:42,26.45,85.4,72.34,68,37,5.55
357,Ihosy,MG,2020-10-30 22:50:42,-22.4,46.12,57.72,81,11,11.12
358,Yei,SS,2020-10-30 22:50:42,4.09,30.68,66.29,94,97,2.35
359,Walvis Bay,NA,2020-10-30 22:50:42,-22.96,14.51,55.99,71,66,4.7
360,Flin Flon,CA,2020-10-30 22:50:42,54.77,-101.86,21.2,85,90,9.17
361,Bull Savanna,JM,2020-10-30 22:50:42,17.89,-77.59,78.53,77,79,1.32
362,Koumac,NC,2020-10-30 22:50:43,-20.57,164.28,82.81,58,7,3.0
363,Gornyy,RU,2020-10-30 22:50:43,55.12,83.91,33.55,100,100,12.39
364,Cravo Norte,CO,2020-10-30 22:50:43,6.3,-70.2,83.88,72,16,6.69
365,Kant,IN,2020-10-30 22:50:43,27.8,79.8,66.74,41,3,5.26
366,Mabaruma,GY,2020-10-30 22:50:43,8.2,-59.78,77.85,91,99,4.54
367,Lyuban,BY,2020-10-30 22:50:43,52.8,28.0,40.28,94,14,5.84
368,Campo Verde,BR,2020-10-30 22:50:43,-20.42,-54.07,71.6,83,75,6.93
369,Bartica,GY,2020-10-30 22:50:43,6.4,-58.62,82.4,78,20,11.41
370,Pangnirtung,CA,2020-10-30 22:50:43,66.15,-65.71,12.2,78,20,2.24
371,Sistranda,NO,2020-10-30 22:50:43,63.73,8.83,46.4,100,75,10.29
372,Estevan,CA,2020-10-30 22:50:43,49.13,-102.98,48.2,75,40,20.8
373,Igualada,ES,2020-10-30 22:50:43,41.58,1.62,62.01,66,3,3.0
374,Paamiut,GL,2020-10-30 22:50:44,61.99,-49.67,26.44,83,78,13.27
375,Hambantota,LK,2020-10-30 22:50:44,6.12,81.12,78.44,81,100,7.34
376,Hovd,MN,2020-10-30 22:50:44,48.01,91.64,26.8,80,6,3.6
377,Puerto Ayacucho,VE,2020-10-30 22:50:44,5.66,-67.62,82.74,77,56,3.94
378,Khasan,RU,2020-10-30 22:50:44,42.43,130.64,43.34,66,44,3.06
379,Eureka,US,2020-10-30 22:46:01,40.8,-124.16,63.0,69,0,4.0
380,Derzhavinsk,KZ,2020-10-30 22:50:44,51.1,66.32,34.99,81,3,3.78
381,Gizo,SB,2020-10-30 22:50:44,-8.1,156.84,83.79,66,88,6.11
382,Fuengirola,ES,2020-10-30 22:50:44,36.54,-4.62,64.0,67,0,5.82
383,Monywa,MM,2020-10-30 22:50:44,22.12,95.13,74.28,92,84,4.5
384,San Carlos,VE,2020-10-30 22:50:44,9.66,-68.58,78.55,83,28,2.64
385,Zabol,AF,2020-10-30 22:50:44,32.25,67.25,36.0,75,0,2.3
386,Tunduma,TZ,2020-10-30 22:50:44,-9.3,32.77,56.59,87,29,3.53
387,Qaqortoq,GL,2020-10-30 22:50:44,60.72,-46.03,24.8,73,40,3.36
388,Wuwei,CN,2020-10-30 22:50:44,37.93,102.64,35.55,75,0,2.82
389,Gorom-Gorom,BF,2020-10-30 22:50:44,14.44,-0.24,84.79,14,0,7.72
390,Muros,ES,2020-10-30 22:50:44,42.78,-9.06,61.0,84,27,7.0
391,Kharitonovo,RU,2020-10-30 22:50:44,61.4,47.5,36.75,88,100,8.12
392,Santa Marta,CO,2020-10-30 22:50:44,11.24,-74.2,84.0,80,86,3.0
393,Quang Ngai,VN,2020-10-30 22:50:45,15.12,108.8,76.01,92,59,4.47
394,Mount Gambier,AU,2020-10-30 22:50:45,-37.83,140.77,53.6,81,90,14.99
395,Kanniyakumari,IN,2020-10-30 22:50:45,8.08,77.57,79.36,81,60,8.88
396,Saint-Georges,GD,2020-10-30 22:50:45,12.06,-61.75,82.4,83,20,18.34
397,Watsa,CD,2020-10-30 22:50:45,3.04,29.54,63.23,100,98,1.01
398,Saint-Denis,FR,2020-10-30 22:50:45,48.92,2.33,57.99,82,90,6.93
399,Grand-Santi,GF,2020-10-30 22:50:45,4.25,-54.38,85.12,53,50,3.67
400,Huarmey,PE,2020-10-30 22:50:45,-10.07,-78.15,64.2,81,100,6.67
401,Salvador,SV,2020-10-30 22:50:12,13.83,-88.92,86.0,78,75,6.93
402,San Jose,US,2020-10-30 22:47:19,37.34,-121.89,77.0,43,75,10.29
403,Shelburne,CA,2020-10-30 22:50:45,44.08,-80.2,30.0,74,77,5.75
404,Kenora,CA,2020-10-30 22:50:45,49.82,-94.43,32.0,89,90,9.17
405,Faya,SA,2020-10-30 22:50:45,18.39,42.45,59.0,41,0,1.21
406,Baykit,RU,2020-10-30 22:50:45,61.67,96.37,1.44,88,37,3.4
407,Totskoye,RU,2020-10-30 22:50:45,52.52,52.76,41.38,67,100,7.49
408,Geraldton,AU,2020-10-30 22:47:07,-28.77,114.6,68.0,88,90,8.05
409,Seminole,US,2020-10-30 22:50:45,28.71,-81.21,75.2,44,1,6.93
410,Pudem,RU,2020-10-30 22:50:46,58.3,52.17,34.79,93,100,7.16
411,Chicama,PE,2020-10-30 22:50:46,-7.84,-79.15,66.36,73,100,7.58
412,Amapa,BR,2020-10-30 22:50:46,1.0,-52.0,84.67,43,88,6.29
413,Bonnyville,CA,2020-10-30 22:50:46,54.27,-110.73,26.6,92,90,10.29
414,Matinhos,BR,2020-10-30 22:50:46,-25.82,-48.54,66.2,72,75,6.93
415,Hervey Bay,AU,2020-10-30 22:50:46,-25.3,152.85,82.0,57,40,20.8
416,Pocoes,BR,2020-10-30 22:50:46,-14.53,-40.37,66.04,95,78,6.58
417,Bengkulu,ID,2020-10-30 22:49:08,-3.8,102.27,74.86,87,65,3.78
418,Saint Anthony,US,2020-10-30 22:50:46,45.02,-93.22,44.6,42,1,9.17
419,Bima,ID,2020-10-30 22:50:46,-8.47,118.72,81.59,74,79,3.51
420,Necochea,AR,2020-10-30 22:46:35,-38.55,-58.74,57.99,60,0,5.01
421,Sur,OM,2020-10-30 22:50:46,22.57,59.53,71.2,65,0,5.84
422,Carrollton,US,2020-10-30 22:49:42,32.95,-96.89,66.2,31,5,5.82
423,Qianguo,CN,2020-10-30 22:50:46,45.12,124.86,47.32,53,100,23.15
424,Cairns,AU,2020-10-30 22:47:05,-16.92,145.77,84.99,69,75,2.24
425,Baiyin,CN,2020-10-30 22:50:47,36.56,104.21,43.0,47,0,2.24
426,Koslan,RU,2020-10-30 22:50:47,63.46,48.9,40.33,93,100,5.79
427,Filingue,NE,2020-10-30 22:50:47,14.35,3.32,86.72,14,0,9.22
428,Witu,KE,2020-10-30 22:50:47,-2.39,40.44,74.62,88,4,5.59
429,Kosh-Agach,RU,2020-10-30 22:50:47,50.0,88.67,14.0,85,37,1.74
430,Codrington,AU,2020-10-30 22:50:47,-38.27,141.97,55.47,82,47,12.41
431,Acajutla,SV,2020-10-30 22:50:47,13.59,-89.83,86.0,51,20,2.24
432,Revin,FR,2020-10-30 22:50:47,49.94,4.63,53.6,93,78,9.17
433,Kirakira,SB,2020-10-30 22:50:47,-10.45,161.92,83.93,64,87,3.89
434,Marawi,PH,2020-10-30 22:50:47,8.0,124.29,75.0,94,94,8.01
435,Qeshm,IR,2020-10-30 22:50:47,26.96,56.27,71.6,68,0,6.93
436,Mangan,IN,2020-10-30 22:46:08,27.52,88.53,66.49,25,75,8.03
437,Tahta,EG,2020-10-30 22:50:47,26.77,31.5,77.0,61,0,9.17
438,Shubarshi,KZ,2020-10-30 22:50:47,48.59,57.19,43.74,55,100,13.33
439,Sorong,ID,2020-10-30 22:50:47,-0.88,131.25,82.49,78,42,12.64
440,Burewala,PK,2020-10-30 22:50:48,30.17,72.65,62.55,30,0,3.56
441,Urumqi,CN,2020-10-30 22:50:48,43.8,87.6,35.6,69,0,4.47
442,Katherine,AU,2020-10-30 22:50:48,-14.47,132.27,80.6,65,4,6.93
443,Jamsa,FI,2020-10-30 22:50:48,61.86,25.19,41.0,100,90,3.36
444,Vardo,NO,2020-10-30 22:50:48,70.37,31.11,30.2,86,75,19.46
445,Shenxian,CN,2020-10-30 22:50:48,36.24,115.67,58.96,58,70,10.69
446,Boa Vista,BR,2020-10-30 22:50:48,2.82,-60.67,86.0,62,40,5.82
447,Safford,US,2020-10-30 22:50:48,32.83,-109.71,75.2,22,1,8.08
448,Xichang,CN,2020-10-30 22:50:48,27.9,102.26,61.72,76,95,1.97
449,Kangaatsiaq,GL,2020-10-30 22:50:48,68.31,-53.46,25.9,94,100,5.32
450,Puerto Colombia,CO,2020-10-30 22:50:48,10.99,-74.95,82.4,83,40,3.36
451,Iquique,CL,2020-10-30 22:49:57,-20.22,-70.14,64.4,72,0,16.11
452,Cap-Aux-Meules,CA,2020-10-30 22:49:01,47.38,-61.86,35.6,55,86,18.34
453,Amuntai,ID,2020-10-30 22:47:57,-2.42,115.25,75.4,95,89,2.8
454,Raahe,FI,2020-10-30 22:50:48,64.68,24.48,24.8,100,75,2.24
455,Penukonda,IN,2020-10-30 22:50:48,14.08,77.58,69.08,77,8,2.04
456,Serafimovich,RU,2020-10-30 22:50:48,49.58,42.74,53.01,78,100,1.01
457,Jurm,AF,2020-10-30 22:50:48,36.86,70.83,37.67,50,0,4.23
458,Belyy Yar,RU,2020-10-30 22:50:48,53.6,91.39,35.6,74,40,11.18
459,Ulaangom,MN,2020-10-30 22:50:49,49.98,92.07,22.87,92,47,0.63
460,Manokwari,ID,2020-10-30 22:49:09,-0.87,134.08,83.57,72,66,6.6
461,Bilma,NE,2020-10-30 22:50:49,18.69,12.92,73.65,20,0,6.85
462,Conneaut,US,2020-10-30 22:50:49,41.95,-80.55,39.99,93,90,3.36
463,Asau,RO,2020-10-30 22:50:49,46.43,26.4,43.0,97,89,3.4
464,Nishihara,JP,2020-10-30 22:50:49,26.18,127.76,71.6,68,20,5.82
465,Goderich,CA,2020-10-30 22:50:49,43.75,-81.72,35.6,59,95,13.87
466,Labytnangi,RU,2020-10-30 22:50:49,66.66,66.42,34.7,97,100,11.61
467,Guayaramerin,BO,2020-10-30 22:50:49,-10.84,-65.36,77.9,71,96,4.12
468,Batesville,US,2020-10-30 22:50:49,35.77,-91.64,57.2,54,1,6.93
469,Petro-Slavyanka,RU,2020-10-30 22:50:49,59.8,30.51,46.99,93,90,6.71
470,Channel-Port Aux Basques,CA,2020-10-30 22:50:49,47.57,-59.14,33.3,86,74,12.57
471,Luderitz,NA,2020-10-30 22:50:49,-26.65,15.16,60.26,56,100,28.57
472,Wanning,CN,2020-10-30 22:50:49,18.8,110.4,75.6,87,66,13.04
473,Peniche,PT,2020-10-30 22:50:49,39.36,-9.38,60.01,88,0,1.99
474,Okhotsk,RU,2020-10-30 22:50:50,59.38,143.3,20.17,86,99,12.86
475,Rocha,UY,2020-10-30 22:50:50,-34.48,-54.33,47.46,82,100,3.85
476,Presidencia Roque Saenz Pena,AR,2020-10-30 22:50:50,-26.79,-60.44,65.46,53,32,7.58
477,Teculutan,GT,2020-10-30 22:50:50,14.98,-89.72,91.4,46,20,11.41
478,Valley,US,2020-10-30 22:50:50,45.13,-116.13,55.4,22,90,10.29
479,Marsaxlokk,MT,2020-10-30 22:50:50,35.84,14.54,64.99,88,20,5.82
480,Almaznyy,RU,2020-10-30 22:50:50,48.04,40.05,55.4,100,40,4.47
481,Parker,US,2020-10-30 22:50:50,32.77,-97.8,69.8,29,1,4.7
482,Namibe,AO,2020-10-30 22:50:50,-15.2,12.15,73.17,77,47,3.44
483,Doha,QA,2020-10-30 22:48:02,25.29,51.53,80.6,65,0,5.82
484,Seymchan,RU,2020-10-30 22:50:50,62.88,152.43,10.04,93,99,1.1
485,Jamame,SO,2020-10-30 22:50:50,0.07,42.75,77.25,84,0,7.16
486,Houma,US,2020-10-30 22:50:47,29.6,-90.72,62.01,63,6,3.0
487,Kaeng Khoi,TH,2020-10-30 22:50:50,14.59,101.0,79.0,94,88,4.5
488,Vanimo,PG,2020-10-30 22:50:51,-2.67,141.3,80.22,75,100,6.13
489,Antalaha,MG,2020-10-30 22:50:51,-14.9,50.28,69.39,85,48,10.04
490,Visnes,NO,2020-10-30 22:50:51,59.36,5.22,50.0,76,37,11.41
491,Oga,IT,2020-10-30 22:50:51,46.46,10.35,48.99,92,0,3.36
492,Sinjar,IQ,2020-10-30 22:50:51,36.32,41.88,60.96,27,80,2.64
493,Boende,CD,2020-10-30 22:50:51,-0.22,20.87,70.27,94,95,2.13
494,Mattru,SL,2020-10-30 22:50:51,7.62,-11.83,74.93,96,69,2.64
495,Caohai,CN,2020-10-30 22:50:51,26.87,104.28,53.64,98,99,2.48
496,Ayr,GB,2020-10-30 22:50:51,55.46,-4.63,42.8,87,20,6.93
497,Karonga,MW,2020-10-30 22:50:51,-9.93,33.93,78.35,58,2,10.58
498,Saint-Pierre,RE,2020-10-30 22:50:51,-21.34,55.48,68.0,68,20,20.8
499,Katsuura,JP,2020-10-30 22:50:51,35.13,140.3,55.99,54,20,13.87
500,Marienburg,PL,2020-10-30 22:50:51,54.04,19.03,37.99,100,11,1.12
501,Surt,LY,2020-10-30 22:50:51,31.21,16.59,71.13,67,47,12.95
502,Amahai,ID,2020-10-30 22:50:51,-3.33,128.92,86.0,89,17,3.0
503,Anloga,GH,2020-10-30 22:50:51,5.79,0.9,80.6,83,20,8.05
504,Grants,US,2020-10-30 22:50:52,35.15,-107.85,62.6,39,1,6.93
505,Broken Hill,AU,2020-10-30 22:50:52,-31.95,141.43,53.6,87,90,20.8
506,Itarema,BR,2020-10-30 22:50:52,-2.92,-39.92,78.73,77,34,12.95
507,Cacu,BR,2020-10-30 22:47:18,-18.56,-51.13,75.63,77,97,6.69
508,Akyab,MM,2020-10-30 22:50:52,20.15,92.9,78.1,84,51,8.19
509,Olinda,BR,2020-10-30 22:50:52,-8.01,-34.86,82.4,74,75,6.93
510,Puerto Madryn,AR,2020-10-30 22:50:26,-42.77,-65.04,66.65,31,21,12.48
511,Chabahar,IR,2020-10-30 22:50:52,25.29,60.64,73.62,32,0,5.64
512,Maniitsoq,GL,2020-10-30 22:50:52,65.42,-52.9,21.9,87,84,7.25
513,Bom Jesus,BR,2020-10-30 22:50:52,-9.07,-44.36,80.17,66,84,1.05
514,Sheboygan,US,2020-10-30 22:50:52,43.73,-87.93,37.4,44,1,3.36
515,Sfantu Gheorghe,RO,2020-10-30 22:50:52,45.87,25.78,42.01,79,57,3.51
516,Dalbandin,PK,2020-10-30 22:50:52,28.89,64.41,50.32,39,0,6.8
517,Villarrica,PY,2020-10-30 22:50:52,-25.75,-56.43,70.45,59,2,8.32
518,Sao Luis Do Quitunde,BR,2020-10-30 22:50:52,-9.32,-35.56,75.2,94,20,8.05
519,Kiunga,PG,2020-10-30 22:50:52,-6.12,141.29,79.59,86,89,1.16
520,Am Timan,TD,2020-10-30 22:50:52,11.03,20.28,79.45,42,0,3.36
521,Kingsville,US,2020-10-30 22:50:52,27.52,-97.86,73.4,27,20,10.29
522,Balgazyn,RU,2020-10-30 22:50:53,51.0,95.2,27.23,90,100,2.37
523,Grimshaw,CA,2020-10-30 22:50:53,56.18,-117.6,28.4,92,90,18.34
524,Mocuba,MZ,2020-10-30 22:50:53,-16.84,36.99,70.32,80,0,0.89
525,Dalvik,IS,2020-10-30 22:50:53,65.97,-18.53,33.8,76,0,4.7
526,Bridlington,GB,2020-10-30 22:50:53,54.08,-0.19,48.99,93,100,2.24
527,Aykhal,RU,2020-10-30 22:50:53,66.0,111.5,-0.4,91,90,2.44
528,Havre-Saint-Pierre,CA,2020-10-30 22:50:53,50.23,-63.6,28.4,58,1,3.36
529,Pudozh,RU,2020-10-30 22:50:53,61.81,36.53,41.56,88,95,6.08
530,Lenger,KZ,2020-10-30 22:50:53,42.18,69.88,37.4,44,0,6.71
531,Novaya Malykla,RU,2020-10-30 22:50:53,54.2,49.95,38.05,78,95,4.99
532,Marsh Harbour,BS,2020-10-30 22:48:05,26.54,-77.06,81.07,78,3,9.35
533,Sinnamary,GF,2020-10-30 22:50:53,5.38,-52.95,81.28,83,38,12.84
534,Ninotsminda,GE,2020-10-30 22:50:53,41.26,43.59,41.0,80,40,10.29
535,Zhengjiatun,CN,2020-10-30 22:50:53,43.51,123.51,50.29,58,100,25.01
